Workbook

Sheet Đăng nhập
A1: Module Code | B1: Đăng nhập
A2: Test requirement
A3: Tester
A4: Pass | B4: Fail | C4: Untested | D4: N/A | E4: Number of Test cases
A5: =COUNTIF(F7:F1001,"Pass") -> 6 | B5: =COUNTIF(F7:F1001,"Fail") -> 0 | C5: =E5-D5-B5-A5 -> 0 | D5: =COUNTIF(F$8:F$1002,"N/A") -> 0 | E5: =COUNTA(A8:A1001) -> 6
A7: ID | B7: Test Case Description | C7: Test Case Procedure | D7: Expected Output | E7: Test Data | F7: Result | G7: Test Date | H7: Description
A8: TC-LOGIN-001 | B8: Login lỗi khi thiếu email hoặc mật khẩu | C8: 1. Gửi POST /api/user/login 2. Không gửi email và password 3. Kiểm tra phản hồi | D8: Thông báo lỗi: "Provide email, password | E8: email: ""password: "" | F8: Pass | G8: 46001 | H8: Kiểm tra validate khi bỏ trống trường bắt buộc
A9: TC-LOGIN-002 | B9: Login lỗi khi email chưa đăng ký | C9: 1. Gửi POST /api/user/login 2. Nhập email không tồn tại 3. Kiểm tra DB 4. Kiểm tra phản hồi | D9: Thông báo lỗi: "User not available" | E9: email: notregistered@test.compassword: Password123! | F9: Pass | G9: 46001 | H9: Xác minh hệ thống nhận biết email không tồn tại
A10: TC-LOGIN-003 | B10: Login lỗi khi tài khoản chưa Active | C10: 1. Tạo user trạng thái Pending 2. Đăng nhập với thông tin đúng 3. Kiểm tra validate status | D10: Thông báo lỗi: "Contact to Admin" | E10: email: pending@test.compassword: Password123! | F10: Pass | G10: 46001 | H10: Kiểm tra login khi trạng thái tài khoản không kích hoạt
A11: TC-LOGIN-004 | B11: Login lỗi khi sai mật khẩu | C11: 1. Nhập email hợp lệ và mật khẩu sai 2. bcrypt.compare trả về false 3. Kiểm tra phản hồi | D11: Thông báo lỗi "Check your password" | E11: email: user@test.compassword: WrongPassword123! | F11: Pass | G11: 46001 | H11: Kiểm tra cơ chế so sánh mật khẩu
A12: TC-LOGIN-005 | B12: Login thành công | C12: 1. Nhập email & mật khẩu đúng 2. Sinh token 3. Set cookie httpOnly 4. Trả kết quả | D12: Hệ thống trả về accessToken & refreshToken | E12: email: validuser@test.compassword: Secret123! | F12: Pass | G12: 46001 | H12: Kiểm tra luồng đăng nhập đầy đủ và sinh token
A13: TC-LOGIN-006 | B13: Logout thành công | C13: 1. User đang đăng nhập 2. Gửi request logout 3. Xoá cookie token | D13: Thông báo: "Logout successfully"- Cookie bị xoá | E13: userId: u1accessToken: valid-token | F13: Pass | G13: 46001 | H13: Kiểm tra chức năng logout và huỷ token

Sheet Tìm kiếm và lọc sản phẩm
A1: Module Code | B1: Tìm kiếm và lọc sản phẩm
A2: Test requirement
A3: Tester
A4: Pass | B4: Fail | C4: Untested | D4: N/A | E4: Number of Test cases
A5: =COUNTIF(F7:F1001,"Pass") -> 9 | B5: =COUNTIF(F7:F1001,"Fail") -> 0 | C5: =E5-D5-B5-A5 -> 0 | D5: =COUNTIF(F$8:F$1002,"N/A") -> 0 | E5: =COUNTA(A8:A1001) -> 9
A7: ID | B7: Test Case Description | C7: Test Case Procedure | D7: Expected Output (viết tự nhiên) | E7: Test Data | F7: Result | G7: Test Date | H7: Description
A8: TC-PRODUCT-001 | B8: Lấy danh sách sản phẩm với phân trang mặc định | C8: 1. Gửi request không truyền page/limit 2. Hệ thống dùng default page=1, limit=10 3. Lọc sản phẩm publish=true 4. Sắp xếp mới nhất → cũ nhất | D8: Hệ thống trả về 10 sản phẩm đầu tiên, hiển thị đúng trang mặc định, sản phẩm được sắp xếp theo thời gian tạo giảm dần và có đủ thông tin phân trang. | E8: page=null limit=null | F8: PASS | G8: 46001 | H8: Kiểm tra phân trang mặc định
A9: TC-PRODUCT-002 | B9: Lấy sản phẩm với phân trang tùy chỉnh | C9: 1. Gửi request page=2, limit=20 2. Hệ thống tính skip=20 3. Trả về trang số 2 với 20 sản phẩm | D9: Hệ thống trả đúng danh sách sản phẩm trang thứ 2, số lượng 20 sản phẩm, tổng số trang hiển thị chính xác. | E9: page=2 limit=20 | F9: PASS | G9: 46001 | H9: Kiểm tra phân trang tùy chỉnh
A10: TC-PRODUCT-003 | B10: Lọc sản phẩm theo category | C10: 1. Nhập categoryId 2. Lọc sản phẩm thuộc category 3. Chỉ lấy publish=true 4. Có phân trang | D10: Hệ thống trả về danh sách sản phẩm thuộc category tương ứng cùng thông tin danh mục và tổng số sản phẩm. | E10: categoryId=cat123 | F10: PASS | G10: 46001 | H10: Kiểm tra lọc theo category
A11: TC-PRODUCT-004 | B11: Lọc sản phẩm theo category + subCategory | C11: 1. Nhập categoryId và subCategoryId 2. Lọc sản phẩm theo cả hai tiêu chí 3. Trả danh sách phân trang | D11: Hệ thống trả danh sách sản phẩm phù hợp với cả category và subCategory, bao gồm thông tin danh mục và danh mục con. | E11: categoryId=cat123 subCategoryId=sub456 | F11: PASS | G11: 46001 | H11: Kiểm tra lọc theo nhiều tiêu chí
A12: TC-PRODUCT-005 | B12: Lấy chi tiết sản phẩm | C12: 1. Nhập productId 2. Query chi tiết sản phẩm 3. Populate category và subCategory | D12: Hệ thống hiển thị đầy đủ thông tin chi tiết sản phẩm, bao gồm giá, mô tả, tồn kho, hình ảnh và thông tin danh mục liên quan. | E12: productId=prod123 | F12: PASS | G12: 46001 | H12: Kiểm tra chi tiết sản phẩm
A13: TC-PRODUCT-006 | B13: Tìm kiếm sản phẩm theo tên | C13: 1. Nhập từ khóa tìm kiếm 2. Hệ thống tìm sản phẩm theo regex không phân biệt hoa thường 3. Trả kết quả phân trang | D13: Hệ thống trả danh sách sản phẩm khớp từ khóa tìm kiếm theo tên (không phân biệt hoa thường) kèm tổng số kết quả. | E13: search="laptop" | F13: PASS | G13: 46001 | H13: Kiểm tra tính năng tìm kiếm
A14: TC-PRODUCT-007 | B14: Lọc sản phẩm theo khoảng giá | C14: 1. Nhập minPrice và maxPrice2. Lọc sản phẩm trong khoảng giá3. Chỉ lấy publish=true | D14: Hệ thống trả danh sách sản phẩm nằm trong khoảng giá yêu cầu cùng tổng số sản phẩm khớp điều kiện. | E14: minPrice=100000 maxPrice=500000 | F14: PASS | G14: 46001 | H14: Kiểm tra lọc theo giá
A15: TC-PRODUCT-008 | B15: Sắp xếp sản phẩm theo giá | C15: 1. Chọn sortBy="price", sortOrder="asc" hoặc "desc" 2. Query và sort theo giá 3. Trả danh sách phân trang | D15: Hệ thống trả danh sách sản phẩm được sắp xếp đúng theo thứ tự giá (tăng hoặc giảm) theo yêu cầu. | E15: sortBy=price sortOrder=asc | F15: PASS | G15: 46001 | H15: Kiểm tra sắp xếp theo giá
A16: TC-PRODUCT-009 | B16: Lấy danh sách sản phẩm hết hàng | C16: 1. Lọc sản phẩm stock=0 2. Chỉ lấy publish=true | D16: Hệ thống trả danh sách sản phẩm đang hết hàng, có đầy đủ thông tin số lượng và mô tả. | E16: stock=0 | F16: PASS | G16: 46001 | H16: Kiểm tra lọc sản phẩm hết hàng

Sheet Quản lý đơn hàng (User)
A1: Module Code | B1: Quản lý đơn hàng (User)
A2: Test requirement
A3: Tester
A4: Pass | B4: Fail | C4: Untested | D4: N/A | E4: Number of Test cases
A5: =COUNTIF(F7:F1001,"Pass") -> 10 | B5: =COUNTIF(F7:F1001,"Fail") -> 0 | C5: =E5-D5-B5-A5 -> 0 | D5: =COUNTIF(F$8:F$1002,"N/A") -> 0 | E5: =COUNTA(A8:A1001) -> 10
A7: ID | B7: Test Case Description | C7: Test Case Procedure | D7: Expected Output | E7: Test Data | F7: Result | G7: Test Date | H7: Description
A8: TC-USER-ORDER-001 | B8: Lấy danh sách đơn hàng thành công | C8: 1. Gửi yêu cầu lấy đơn hàng của user 2. Lọc theo userId 3. Sắp xếp từ mới đến cũ 4. Populate sản phẩm & địa chỉ | D8: Hệ thống trả danh sách đơn hàng đầy đủ, sắp xếp đúng thứ tự, gồm thông tin sản phẩm và địa chỉ giao hàng. | E8: userId = user123 | F8: PASS | G8: 46002 | H8: Kiểm tra lấy lịch sử đơn hàng
A9: TC-USER-ORDER-002 | B9: User chưa có đơn hàng | C9: 1. Query đơn hàng của user mới 2. DB trả mảng rỗng | D9: Hệ thống trả danh sách rỗng nhưng vẫn hiển thị trạng thái thành công. | E9: userId = newuser456 | F9: PASS | G9: 46002 | H9: Kiểm tra trường hợp lịch sử trống
A10: TC-USER-ORDER-003 | B10: Lỗi truy vấn DB | C10: 1. Mô phỏng lỗi kết nối DB 2. Truy vấn thất bại | D10: Hệ thống báo lỗi hệ thống và không trả dữ liệu đơn hàng. | E10: databaseError = timeout | F10: PASS | G10: 46002 | H10: Kiểm tra xử lý lỗi DB
A11: TC-USER-ORDER-004 | B11: Hủy đơn hàng pending | C11: 1. Nhập orderId 2. Kiểm tra trạng thái pending 3. Khôi phục tồn kho 4. Cập nhật trạng thái cancelled | D11: Đơn hàng được hủy thành công, tồn kho được khôi phục đúng số lượng và thông tin cập nhật tồn kho được trả về. | E11: orderId = order123 quantity = 2 oldStock = 8 | F11: PASS | G11: 46002 | H11: Kiểm tra hủy đơn ở trạng thái pending
A12: TC-USER-ORDER-005 | B12: Hủy đơn không tồn tại | C12: 1. Nhập orderId sai2. Đơn hàng không được tìm thấy | D12: Hệ thống thông báo không tìm thấy đơn hàng và không thực hiện thao tác hủy. | E12: orderId = invalid-order-id | F12: PASS | G12: 46002 | H12: Kiểm tra trường hợp orderId sai
A13: TC-USER-ORDER-006 | B13: Hủy đơn không phải pending | C13: 1. Nhập orderId 2. Kiểm tra trạng thái không phải pending | D13: Hệ thống từ chối yêu cầu hủy vì đơn hàng không còn ở trạng thái chờ xử lý. | E13: currentStatus = delivered | F13: PASS | G13: 46002 | H13: Kiểm tra quy tắc trạng thái đơn hàng
A14: TC-USER-ORDER-007 | B14: Hủy đơn với ObjectId | C14: 1. Nhập orderId dạng ObjectId 2. Hệ thống query theo _id 3. Xử lý hủy bình thường | D14: Hệ thống nhận diện đúng ObjectId, xử lý hủy thành công và khôi phục tồn kho. | E14: orderId = ObjectId | F14: PASS | G14: 46002 | H14: Kiểm tra orderId dạng ObjectId
A15: TC-USER-ORDER-008 | B15: Hủy đơn với mã chuỗi | C15: 1. Nhập orderId dạng chuỗi 2. Query theo orderId 3. Xử lý hủy | D15: Hệ thống tìm đúng đơn hàng theo mã string và hủy thành công, tồn kho được phục hồi. | E15: orderId = ORD-001 | F15: PASS | G15: 46002 | H15: Kiểm tra orderId dạng custom string
A16: TC-USER-ORDER-009 | B16: Hủy đơn nhiều sản phẩm | C16: 1. Đơn hàng có nhiều sản phẩm2. Khôi phục tồn kho từng item | D16: Tồn kho của tất cả sản phẩm được khôi phục chính xác và trả về danh sách cập nhật tồn kho. | E16: prod1:8→10 prod2:5→8 | F16: PASS | G16: 46002 | H16: Kiểm tra đơn hàng nhiều sản phẩm
A17: TC-USER-ORDER-010 | B17: Lỗi DB khi hủy đơn | C17: 1. Mô phỏng lỗi DB2. Hủy đơn thất bại | D17: Hệ thống báo lỗi hệ thống, không thay đổi tồn kho và không cập nhật đơn hàng. | E17: error = Connection lost | F17: PASS | G17: 46002 | H17: Kiểm tra xử lý lỗi khi hủy

Sheet Quản lý đơn hàng (Admin)
A1: Module Code | B1: Quản lý đơn hàng (Admin)
A2: Test requirement
A3: Tester
A4: Pass | B4: Fail | C4: Untested | D4: N/A | E4: Number of Test cases
A5: =COUNTIF(F7:F1001,"Pass") -> 13 | B5: =COUNTIF(F7:F1001,"Fail") -> 0 | C5: =E5-D5-B5-A5 -> 0 | D5: =COUNTIF(F$8:F$1002,"N/A") -> 0 | E5: =COUNTA(A8:A1001) -> 13
A7: ID | B7: Test Case Description | C7: Test Case Procedure | D7: Expected Output (dạng mô tả tự nhiên) | E7: Test Data | F7: Result | G7: Test Date | H7: Description
A8: TC-ADMIN-ORDER-001 | B8: Admin xem toàn bộ đơn hàng | C8: 1. Lấy tất cả đơn hàng 2. Sắp xếp theo ngày tạo giảm dần 3. Populate thông tin user 4. Populate địa chỉ giao hàng 5. Populate sản phẩm | D8: Hệ thống trả về đầy đủ danh sách đơn hàng, gồm thông tin khách hàng, địa chỉ giao hàng và từng sản phẩm trong đơn; danh sách được sắp xếp từ mới đến cũ. | E8: adminId = admin123 | F8: PASS | G8: 46002 | H8: Kiểm tra quyền admin xem toàn bộ đơn
A9: TC-ADMIN-ORDER-002 | B9: Lỗi truy vấn DB khi lấy danh sách đơn | C9: 1. Mô phỏng lỗi DB 2. Truy vấn thất bại | D9: Hệ thống báo lỗi hệ thống và không trả dữ liệu đơn hàng. | E9: error = Connection timeout | F9: PASS | G9: 46002 | H9: Kiểm tra xử lý lỗi hệ thống
A10: TC-ADMIN-ORDER-003 | B10: Cập nhật trạng thái từ pending → confirmed | C10: 1. Nhập orderId và trạng thái mới 2. Kiểm tra hợp lệ 3. Cập nhật trạng thái 4. Gửi socket event | D10: Trạng thái đơn hàng được cập nhật thành công sang “confirmed” và socket event được phát đi. | E10: orderId = order123 currentStatus = pending | F10: PASS | G10: 46002 | H10: Kiểm tra cập nhật trạng thái
A11: TC-ADMIN-ORDER-004 | B11: Nhập trạng thái không hợp lệ | C11: 1. Gửi trạng thái không nằm trong tập cho phép 2. Hệ thống kiểm tra 3. Từ chối | D11: Hệ thống từ chối cập nhật và thông báo trạng thái không hợp lệ. | E11: order_status = invalid_status | F11: PASS | G11: 46002 | H11: Kiểm tra validate status
A12: TC-ADMIN-ORDER-005 | B12: Cập nhật đơn không tồn tại | C12: 1. Nhập orderId sai 2. Không tìm thấy đơn | D12: Hệ thống thông báo không tìm thấy đơn hàng. | E12: orderId = non-existent | F12: PASS | G12: 46002 | H12: Kiểm tra khi đơn không tồn tại
A13: TC-ADMIN-ORDER-006 | B13: Cập nhật nhưng trạng thái không thay đổi | C13: 1. Gửi trạng thái mới trùng trạng thái hiện tại 2. Hệ thống không cập nhật | D13: Hệ thống thông báo trạng thái không thay đổi và không thực hiện cập nhật. | E13: currentStatus = pendingnewStatus = pending | F13: PASS | G13: 46002 | H13: Kiểm tra không thay đổi trạng thái
A14: TC-ADMIN-ORDER-007 | B14: Chuyển trạng thái không hợp lệ theo luồng | C14: 1. Kiểm tra chuyển trạng thái delivered → confirmed 2. Không hợp lệ | D14: Hệ thống từ chối vì luồng chuyển trạng thái không hợp lệ. | E14: currentStatus = deliverednew Status = confirmed | F14: PASS | G14: 46002 | H14: Kiểm tra logic transition
A15: TC-ADMIN-ORDER-008 | B15: Hủy đơn hàng và khôi phục tồn kho | C15: 1. Nhập orderId 2. Trạng thái hiện tại cho phép hủy 3. Khôi phục tồn kho từng sản phẩm 4. Cập nhật trạng thái cancelled | D15: Hệ thống hủy đơn thành công, tồn kho được khôi phục đúng số lượng và thông tin cập nhật tồn kho được trả về. | E15: stock:10→12 quantity:2 | F15: PASS | G15: 46002 | H15: Kiểm tra hủy đơn & restore stock
A16: TC-ADMIN-ORDER-009 | B16: Kiểm tra toàn bộ luồng chuyển trạng thái hợp lệ | C16: 1. pending → confirmed 2. confirmed → shipping 3. shipping → delivered | D16: Hệ thống xử lý đúng tất cả các trạng thái hợp lệ và cập nhật chính xác. | E16: transitions list | F16: PASS | G16: 46002 | H16: Kiểm tra toàn bộ flow transition
A17: TC-ADMIN-ORDER-010 | B17: Hủy đơn pending qua endpoint | C17: 1. Nhập orderId2. Kiểm tra pending3. Khôi phục tồn kho4. Cập nhật cancelled | D17: Đơn hàng được hủy thành công, tồn kho được tăng đúng số lượng và trạng thái chuyển sang cancelled. | E17: stock:5→8 | F17: PASS | G17: 46002 | H17: Kiểm tra API cancel
A18: TC-ADMIN-ORDER-011 | B18: Lỗi khi hủy đơn không phải pending | C18: 1. Nhập orderId2. Trạng thái không phải pending | D18: Hệ thống từ chối yêu cầu hủy vì đơn hàng không còn ở trạng thái chờ xử lý. | E18: currentStatus = confirmed | F18: PASS | G18: 46002 | H18: Kiểm tra quy tắc hủy đơn
A19: TC-ADMIN-ORDER-012 | B19: Hủy đơn nhiều sản phẩm | C19: 1. Đơn có nhiều sản phẩm2. Khôi phục tồn kho từng item | D19: Hệ thống khôi phục chính xác tồn kho của từng sản phẩm và trả về danh sách cập nhật. | E19: prod1:10→12 prod2:20→25 | F19: PASS | G19: 46002 | H19: Kiểm tra hủy đơn nhiều item
A20: TC-ADMIN-ORDER-013 | B20: Lỗi DB khi hủy đơn | C20: 1. Mô phỏng lỗi DB2. Xử lý exception | D20: Hệ thống thông báo lỗi hệ thống, không thay đổi tồn kho và không cập nhật đơn. | E20: error = save failed | F20: PASS | G20: 46002 | H20: Kiểm tra lỗi khi hủy

Sheet Quản lý sản phẩm
A1: Module Code | B1: Quản lý sản phẩm
A2: Test requirement
A3: Tester
A4: Pass | B4: Fail | C4: Untested | D4: N/A | E4: Number of Test cases
A5: =COUNTIF(F7:F1001,"Pass") -> 10 | B5: =COUNTIF(F7:F1001,"Fail") -> 0 | C5: =E5-D5-B5-A5 -> 0 | D5: =COUNTIF(F$8:F$1002,"N/A") -> 0 | E5: =COUNTA(A8:A1001) -> 10
A7: ID | B7: Test Case Description | C7: Test Case Procedure | D7: Expected Output | E7: Test Data | F7: Result | G7: Test Date | H7: Description
A8: TC-ADMIN-PRODUCT-001 | B8: Tạo sản phẩm mới thành công | C8: 1. Nhập đầy đủ các trường bắt buộc 2. Hệ thống validate dữ liệu 3. Tạo đối tượng ProductModel 4. Lưu vào database 5. Bắn socket event 6. Trả kết quả thành công | D8: Hệ thống tạo mới sản phẩm thành công, lưu đúng dữ liệu vào database, trạng thái publish mặc định là false và gửi thông báo cập nhật qua socket. | E8: name, name_no_accent, image[0], category, subCategory, unit, stock=100, price=50000, discount=10, description | F8: PASS | G8: 46002 | H8: Kiểm tra luồng tạo sản phẩm mới
A9: TC-ADMIN-PRODUCT-002 | B9: Thiếu trường bắt buộc khi tạo sản phẩm | C9: 1. Gửi request thiếu các trường required 2. Hệ thống kiểm tra dữ liệu 3. Từ chối tạo sản phẩm | D9: Hệ thống từ chối tạo sản phẩm và hiển thị thông báo yêu cầu nhập đầy đủ các trường bắt buộc (tên, ảnh, danh mục, đơn vị, giá, mô tả,...). | E9: name = "Fresh Apples", image = [], category = [] | F9: PASS | G9: 46002 | H9: Kiểm tra validate khi thiếu dữ liệu
A10: TC-ADMIN-PRODUCT-003 | B10: Lấy danh sách sản phẩm với phân trang & tìm kiếm | C10: 1. Nhập page, limit, search 2. Hệ thống tính skip 3. Thực hiện query với phân trang 4. Populate category, subCategory 5. Trả danh sách sản phẩm | D10: Hệ thống trả danh sách sản phẩm ở trang thứ 2, mỗi trang 10 sản phẩm, kết quả đã được lọc theo từ khóa “apple” và có đầy đủ thông tin tổng số bản ghi và tổng số trang. | E10: page=2, limit=10, search="apple" | F10: PASS | G10: 46002 | H10: Kiểm tra phân trang + tìm kiếm cho admin
A11: TC-ADMIN-PRODUCT-004 | B11: Cập nhật thông tin sản phẩm | C11: 1. Gửi _id sản phẩm và fields cần cập nhật 2. Hệ thống validate _id 3. Thực hiện updateOne 4. Gửi socket event 5. Trả kết quả | D11: Hệ thống cập nhật thành công thông tin sản phẩm (giá, tồn kho, publish...), ghi nhận 1 bản ghi được sửa và gửi thông báo cập nhật qua socket. | E11: _id = prod123, price=45000, stock=150, publish=true | F11: PASS | G11: 46002 | H11: Kiểm tra cập nhật sản phẩm
A12: TC-ADMIN-PRODUCT-005 | B12: Cập nhật không truyền _id | C12: 1. Gửi request update không có _id 2. Hệ thống validate 3. Từ chối xử lý | D12: Hệ thống từ chối cập nhật và thông báo yêu cầu cung cấp product _id. | E12: chỉ có price=45000, không có _id | F12: PASS | G12: 46002 | H12: Kiểm tra lỗi thiếu _id khi update
A13: TC-ADMIN-PRODUCT-006 | B13: Xóa sản phẩm | C13: 1. Gửi _id sản phẩm cần xóa2. Hệ thống gọi deleteOne3. Gửi socket event4. Trả kết quả xóa | D13: Hệ thống xóa sản phẩm thành công, số lượng bản ghi bị xóa là 1 và gửi thông báo xóa sản phẩm qua socket. | E13: _id = prod123 | F13: PASS | G13: 46002 | H13: Kiểm tra chức năng xóa sản phẩm
A14: TC-ADMIN-PRODUCT-007 | B14: Xóa sản phẩm không truyền _id | C14: 1. Gửi request delete không có _id2. Hệ thống kiểm tra3. Từ chối xử lý | D14: Hệ thống từ chối xóa và thông báo yêu cầu cung cấp _id sản phẩm. | E14: body rỗng {} | F14: PASS | G14: 46002 | H14: Kiểm tra validate khi xóa thiếu _id
A15: TC-ADMIN-PRODUCT-008 | B15: Lọc sản phẩm theo category | C15: 1. Gửi danh sách category id2. Hệ thống query với toán tử $in3. Giới hạn tối đa 15 sản phẩm4. Trả danh sách | D15: Hệ thống trả về danh sách sản phẩm thuộc các category đã chọn, số lượng tối đa 15 sản phẩm, dữ liệu hiển thị đúng theo bộ lọc. | E15: id = ["cat123", "cat456"] | F15: PASS | G15: 46002 | H15: Kiểm tra lọc sản phẩm theo danh mục
A16: TC-ADMIN-PRODUCT-009 | B16: Lấy chi tiết 1 sản phẩm | C16: 1. Gửi productId2. Hệ thống query theo _id3. Trả về đầy đủ thông tin | D16: Hệ thống trả về đầy đủ chi tiết sản phẩm tương ứng với productId, bao gồm tên, giá, mô tả, tồn kho, hình ảnh, danh mục,… | E16: productId = "prod123" | F16: PASS | G16: 46002 | H16: Kiểm tra xem chi tiết sản phẩm
A17: TC-ADMIN-PRODUCT-010 | B17: Tìm kiếm nâng cao với nhiều bộ lọc | C17: 1. Gửi search + category + khoảng giá + sort2. Hệ thống build query tổng hợp3. Sắp xếp theo giá4. Phân trang kết quả | D17: Hệ thống trả về danh sách sản phẩm khớp với từ khóa tìm kiếm, danh mục, khoảng giá và được sắp xếp đúng theo giá; kết quả được phân trang đầy đủ thông tin. | E17: search="apple", categoryId=["cat123"], minPrice=30000, maxPrice=60000, sortBy="price" | F17: PASS | G17: 46002 | H17: Kiểm tra search nâng cao cho admin

Sheet Giỏ hàng
A1: Module Code | B1: Giỏ hàng
A2: Test requirement
A3: Tester
A4: Pass | B4: Fail | C4: Untested | D4: N/A | E4: Number of Test cases
A5: =COUNTIF(F7:F1001,"Pass") -> 10 | B5: =COUNTIF(F7:F1001,"Fail") -> 0 | C5: =E5-D5-B5-A5 -> 0 | D5: =COUNTIF(F$8:F$1002,"N/A") -> 0 | E5: =COUNTA(A8:A1001) -> 10
A7: ID | B7: Test Case Description | C7: Test Case Procedure | D7: Expected Output | E7: Test Data | F7: Result | G7: Test Date | H7: Description
A8: TC-CART-001 | B8: Thêm sản phẩm khi thiếu productId | C8: 1. Gửi request thêm vào giỏ hàng 2. Không gửi productId 3. Hệ thống kiểm tra dữ liệu | D8: Hệ thống không thêm được sản phẩm và hiển thị thông báo yêu cầu cung cấp productId. | E8: userId: u1 productId: null | F8: PASS | G8: 46001 | H8: Kiểm tra validate productId
A9: TC-CART-002 | B9: Thêm sản phẩm không tồn tại | C9: 1. Gửi productId không hợp lệ 2. Hệ thống tìm kiếm sản phẩm trong DB 3. Không tìm thấy | D9: Hệ thống thông báo sản phẩm không tồn tại và không thêm vào giỏ hàng. | E9: userId: u1 productId: invalid-product-id | F9: PASS | G9: 46001 | H9: Kiểm tra sản phẩm không tồn tại
A10: TC-CART-003 | B10: Thêm sản phẩm chưa publish | C10: 1. Chọn sản phẩm publish = false 2. Gửi request thêm vào giỏ | D10: Hệ thống từ chối thêm sản phẩm do sản phẩm không được phép bán (chưa publish). | E10: publish: false stock: 10 | F10: PASS | G10: 46001 | H10: Kiểm tra trạng thái publish
A11: TC-CART-004 | B11: Thêm sản phẩm hết hàng | C11: 1. Chọn sản phẩm stock = 0 2. Gửi request thêm vào giỏ | D11: Hệ thống không thể thêm sản phẩm vì số lượng tồn kho bằng 0. | E11: publish: true stock: 0 | F11: PASS | G11: 46001 | H11: Kiểm tra tồn kho
A12: TC-CART-005 | B12: Không cho phép thêm sản phẩm trùng | C12: 1. Sản phẩm đã có trong giỏ 2. Gửi request thêm lần 2 | D12: Hệ thống thông báo sản phẩm đã có trong giỏ và không cho phép thêm trùng. | E12: userId: u1 productId: p1 existingCartItem: c1 | F12: PASS | G12: 46001 | H12: Kiểm tra sản phẩm trùng lặp
A13: TC-CART-006 | B13: Thêm sản phẩm thành công | C13: 1. productId hợp lệ 2. publish = true 3. stock > 0 4. Không trùng trong giỏ | D13: Hệ thống thêm sản phẩm vào giỏ hàng thành công và hiển thị sản phẩm vừa được thêm với số lượng mặc định là 1. | E13: productId: p1 stock: 5 | F13: PASS | G13: 46001 | H13: Kiểm tra luồng thêm sản phẩm thành công
A14: TC-CART-007 | B14: Lấy danh sách giỏ hàng | C14: 1. Gửi request lấy giỏ 2. Hệ thống kiểm tra trạng thái từng sản phẩm | D14: Hệ thống hiển thị toàn bộ sản phẩm trong giỏ hàng kèm trạng thái như hết hàng, ngừng bán và thống kê tổng số sản phẩm. | E14: Danh sách gồm 2 items | F14: PASS | G14: 46001 | H14: Kiểm tra trạng thái và thống kê giỏ hàng
A15: TC-CART-008 | B15: Cập nhật số lượng sản phẩm | C15: 1. Nhập số lượng mới 2. Kiểm tra tồn kho 3. Cập nhật lại | D15: Hệ thống cập nhật số lượng sản phẩm và hiển thị lại thông tin đúng theo số lượng mới. | E15: quantity: 3 stock: 5 | F15: PASS | G15: 46001 | H15: Kiểm tra cập nhật số lượng
A16: TC-CART-009 | B16: Cập nhật vượt quá tồn kho | C16: 1. Nhập số lượng lớn hơn stock 2. Gửi request cập nhật | D16: Hệ thống từ chối cập nhật vì số lượng yêu cầu vượt quá số lượng tồn kho cho phép. | E16: quantity: 10 stock: 1 | F16: PASS | G16: 46001 | H16: Kiểm tra giới hạn số lượng theo tồn kho
A17: TC-CART-010 | B17: Xóa sản phẩm khỏi giỏ | C17: 1. Gửi cartItemId 2. Hệ thống xóa item 3. Cập nhật danh sách | D17: Sản phẩm được xóa khỏi giỏ hàng và hệ thống hiển thị danh sách giỏ hàng đã được cập nhật lại chính xác. | E17: cartItemId: c1 productId: p1 | F17: PASS | G17: 46001 | H17: Kiểm tra chức năng xóa sản phẩm

Sheet Đặt hàng
A1: Module Code | B1: Đặt hàng
A2: Test requirement
A3: Tester
A4: Pass | B4: Fail | C4: Untested | D4: N/A | E4: Number of Test cases
A5: =COUNTIF(F7:F1001,"Pass") -> 7 | B5: =COUNTIF(F7:F1001,"Fail") -> 0 | C5: =E5-D5-B5-A5 -> 0 | D5: =COUNTIF(F$8:F$1002,"N/A") -> 0 | E5: =COUNTA(A8:A1001) -> 7
A7: ID | B7: Test Case Description | C7: Test Case Procedure | D7: Expected Output | E7: Test Data | F7: Result | G7: Test Date | H7: Description
A8: TC-ORDER-001 | B8: Tạo đơn hàng COD thành công | C8: 1. Nhập thông tin đơn hàng với phương thức COD 2. Kiểm tra sản phẩm hợp lệ và còn hàng 3. Trừ tồn kho theo số lượng đặt 4. Tạo đơn hàng 5. Xóa giỏ hàng người dùng 6. Cập nhật shopping_cart thành rỗng 7. Trả về thông tin đơn hàng | D8: Đơn hàng được tạo thành công, tồn kho được trừ đúng số lượng, giỏ hàng được xóa và hệ thống hiển thị đầy đủ thông tin đơn hàng mới. | E8: userId: user123 list_items: 1 itemstock: 10 → 8 | F8: PASS | G8: 46001 | H8: Kiểm tra luồng tạo đơn hàng COD
A9: TC-ORDER-002 | B9: Đặt hàng với sản phẩm không tồn tại | C9: 1. Gửi productId không hợp lệ 2. Hệ thống tìm kiếm sản phẩm 3. Không tìm thấy sản phẩm 4. Không tạo đơn hàng | D9: Hệ thống thông báo không thể tạo đơn hàng vì sản phẩm không tồn tại và không tạo mới đơn hàng. | E9: productId: invalid-product-id | F9: PASS | G9: 46001 | H9: Kiểm tra lỗi sản phẩm không tồn tại
A10: TC-ORDER-003 | B10: Đặt hàng với sản phẩm đã ngừng bán | C10: 1. Gửi sản phẩm publish=false 2. Kiểm tra trạng thái publish 3. Từ chối tạo đơn hàng | D10: Hệ thống từ chối tạo đơn hàng và thông báo sản phẩm đã ngừng bán. Không có đơn hàng nào được tạo. | E10: publish: false quantity: 2 | F10: PASS | G10: 46001 | H10: Kiểm tra sản phẩm ngừng kinh doanh
A11: TC-ORDER-004 | B11: Đặt hàng khi số lượng yêu cầu vượt quá tồn kho | C11: 1. Yêu cầu quantity > stock 2. Kiểm tra tồn kho 3. Từ chối tạo đơn hàng | D11: Hệ thống thông báo số lượng tồn kho không đủ và không tạo đơn hàng. Tồn kho không bị thay đổi. | E11: stock: 1 quantity: 2 | F11: PASS | G11: 46001 | H11: Kiểm tra quy tắc tồn kho
A12: TC-ORDER-005 | B12: Lấy thông tin chi tiết đơn hàng | C12: 1. Nhập orderId 2. Tìm đơn hàng thuộc user 3. Populate sản phẩm và địa chỉ 4. Trả về dữ liệu đầy đủ | D12: Hệ thống trả về đầy đủ chi tiết đơn hàng gồm sản phẩm, địa chỉ giao hàng, phương thức thanh toán và tổng tiền. | E12: orderId: order123 userId: user123 | F12: PASS | G12: 46001 | H12: Kiểm tra truy xuất chi tiết đơn hàng
A13: TC-ORDER-006 | B13: Hủy đơn hàng | C13: 1. Nhập orderId để hủy 2. Hoàn trả tồn kho 3. Cập nhật trạng thái đơn hàng 4. Xác nhận hủy | D13: Đơn hàng được hủy thành công, tồn kho được hoàn lại và trạng thái đơn hàng cập nhật thành “Đã hủy”. | E13: orderId: order123 quantity: 2 | F13: PASS | G13: 46001 | H13: Kiểm tra luồng hủy đơn hàng
A14: TC-ORDER-007 | B14: Tính phí vận chuyển | C14: 1. Nhập subtotal và địa chỉ giao hàng 2. Áp dụng logic tính phí 3. Áp dụng miễn phí nếu đủ điều kiện | D14: Hệ thống tính đúng phí vận chuyển dựa trên giá trị đơn và khu vực, hoặc miễn phí nếu đạt ngưỡng. | E14: subTotalAmt: 500000 city: HCM district: D1 | F14: PASS | G14: 46001 | H14: Kiểm tra tính phí giao hàng

Sheet Test Report
A1: TEST REPORT
A3: Project Name | B3: Grocery Store | D3: Creator | F3: Trần Hảo Điền + Ngô Tuấn Anh + Lê Ngọc Hiệp + Nguyễn Phương Vinh
A4: Project Code | B4: Grocery Store | D4: Reviewer/Approver
A5: Document Code | B5: =B4&"_"&"Test Report"&"_"&"vx.x" -> Grocery Store_Test Report_vx.x | D5: Issue Date | F5: 30/11/2025
A6: Notes
A10: No | B10: Module code | C10: Pass | D10: Fail | E10: Untested | F10: N/A | G10: Number of test cases
A11: 1 | B11: Đăng nhập | C11: ='Đăng nhập'!A5 -> 6 | D11: ='Đăng nhập'!B5 -> 0 | E11: ='Đăng nhập'!C5 -> 0 | F11: ='Đăng nhập'!D5 -> 0 | G11: ='Đăng nhập'!E5 -> 6
A12: 2 | B12: Tìm kiếm và lọc sản phẩm | C12: ='Tìm kiếm và lọc sản phẩm'!A5 -> 9 | D12: ='Tìm kiếm và lọc sản phẩm'!B5 -> 0 | E12: ='Tìm kiếm và lọc sản phẩm'!C5 -> 0 | F12: ='Tìm kiếm và lọc sản phẩm'!D5 -> 0 | G12: ='Tìm kiếm và lọc sản phẩm'!E5 -> 9
A13: 3 | B13: Quản lý đơn hàng (Admin) | C13: ='Quản lý đơn hàng (Admin)'!A5 -> 13 | D13: ='Quản lý đơn hàng (Admin)'!B5 -> 0 | E13: ='Quản lý đơn hàng (Admin)'!C5 -> 0 | F13: ='Quản lý đơn hàng (Admin)'!D5 -> 0 | G13: ='Quản lý đơn hàng (Admin)'!E5 -> 13
A14: 4 | B14: Quản lý sản phẩm | C14: ='Quản lý sản phẩm'!A5 -> 10 | D14: ='Quản lý sản phẩm'!B5 -> 0 | E14: ='Quản lý sản phẩm'!C5 -> 0 | F14: ='Quản lý sản phẩm'!D5 -> 0 | G14: ='Quản lý sản phẩm'!E5 -> 10
A15: 5 | B15: Giỏ hàng | C15: ='Giỏ hàng'!A5 -> 10 | D15: ='Giỏ hàng'!B5 -> 0 | E15: ='Giỏ hàng'!C5 -> 0 | F15: ='Giỏ hàng'!D5 -> 0 | G15: ='Giỏ hàng'!E5 -> 10
A16: 6 | B16: Quản lý đơn hàng (User) | C16: ='Quản lý đơn hàng (User)'!A5 -> 10 | D16: ='Quản lý đơn hàng (User)'!B5 -> 0 | E16: ='Quản lý đơn hàng (User)'!C5 -> 0 | F16: ='Quản lý đơn hàng (User)'!D5 -> 0 | G16: ='Quản lý đơn hàng (User)'!E5 -> 10
A17: 7 | B17: Đặt hàng | C17: ='Đặt hàng'!A5 -> 7 | D17: ='Đặt hàng'!B5 -> 0 | E17: ='Đặt hàng'!C5 -> 0 | F17: ='Đặt hàng'!D5 -> 0 | G17: ='Đặt hàng'!E5 -> 7
A18: 8 | B18: Thanh toán | C18: ='Thanh toán'!A5 -> 7 | D18: ='Thanh toán'!B5 -> 0 | E18: ='Thanh toán'!C5 -> 0 | F18: ='Thanh toán'!D5 -> 0 | G18: ='Thanh toán'!E5 -> 7
B19: Sub total | C19: =SUM(C9:C18) -> 72 | D19: =SUM(D9:D18) -> 0 | E19: =SUM(E9:E18) -> 0 | F19: =SUM(F9:F18) -> 0 | G19: =SUM(G9:G18) -> 72
B21: Test coverage | D21: 60 | E21: %
B22: Test successful coverage | D22: =C19*100/(G19-F19) -> 100 | E22: %

Sheet Thanh toán
A1: Module Code | B1: Thanh toán
A2: Test requirement
A3: Tester
A4: Pass | B4: Fail | C4: Untested | D4: N/A | E4: Number of Test cases
A5: =COUNTIF(F7:F1001,"Pass") -> 7 | B5: =COUNTIF(F7:F1001,"Fail") -> 0 | C5: =E5-D5-B5-A5 -> 0 | D5: =COUNTIF(F$8:F$1002,"N/A") -> 0 | E5: =COUNTA(A8:A1001) -> 7
A7: ID | B7: Test Case Description | C7: Test Case Procedure | D7: Expected Output (đã viết lại tự nhiên) | E7: Test Data | F7: Result | G7: Test Date | H7: Description
A8: TC-PAYMENT-001 | B8: Tạo URL thanh toán VNPay thành công | C8: 1. Nhập thông tin đơn hàng 2. Hệ thống tạo mã giao dịch 3. Tạo tham số VNPay đúng định dạng 4. Ký tham số bằng HMAC SHA512 5. Tạo URL thanh toán 6. Trả URL cho client | D8: Hệ thống tạo URL thanh toán thành công, số tiền được nhân 100 đúng chuẩn VNPay, chữ ký bảo mật được tạo chính xác và trả về URL hợp lệ. | E8: userId: user123amount: 200000 | F8: PASS | G8: 46001 | H8: Kiểm tra luồng tạo URL VNPay
A9: TC-PAYMENT-002 | B9: Callback VNPay sai chữ ký | C9: 1. Nhận callback có chữ ký sai 2. Hệ thống tự tính lại chữ ký 3. Chữ ký không trùng khớp 4. Từ chối xử lý | D9: Hệ thống từ chối callback do sai chữ ký, không tạo đơn hàng và không ghi nhận thanh toán. | E9: vnp_SecureHash: invalid | F9: PASS | G9: 46001 | H9: Kiểm tra tính toàn vẹn chữ ký
A10: TC-PAYMENT-003 | B10: Thanh toán VNPay thành công | C10: 1. Nhận callback hợp lệ 2. Chữ ký đúng 3. Mã phản hồi = “00” 4. Tạo đơn hàng và lưu thông tin thanh toán 5. Trừ tồn kho 6. Xóa giỏ hàng người dùng | D10: Hệ thống xác nhận thanh toán thành công, tạo đơn hàng mới, ghi nhận giao dịch, cập nhật tồn kho và xóa giỏ hàng. | E10: vnp_ResponseCode: 00transactionNo: 14123456 | F10: PASS | G10: 46001 | H10: Kiểm tra xử lý thanh toán thành công
A11: TC-PAYMENT-004 | B11: Thanh toán VNPay thất bại | C11: 1. Nhận callback có mã lỗi 2. Xác minh chữ ký hợp lệ 3. Mã phản hồi ≠ “00” 4. Trả thông báo lỗi tương ứng | D11: Hệ thống thông báo giao dịch thất bại theo mã lỗi, không tạo đơn hàng và không trừ tồn kho. | E11: vnp_ResponseCode: 24 | F11: PASS | G11: 46001 | H11: Kiểm tra xử lý khi thanh toán thất bại
A12: TC-PAYMENT-005 | B12: Callback thiếu tham số bắt buộc | C12: 1. Callback thiếu fields quan trọng 2. Hệ thống kiểm tra tham số 3. Phát hiện thiếu 4. Từ chối xử lý | D12: Hệ thống thông báo thiếu tham số cần thiết và không xử lý thanh toán. | E12: thiếu: vnp_ResponseCode, vnp_SecureHash | F12: PASS | G12: 46001 | H12: Kiểm tra validate tham số callback
A13: TC-PAYMENT-006 | B13: Giao dịch VNPay hết hạn | C13: 1. Tạo URL có thời gian hết hạn 2. Callback đến sau thời hạn 3. Hệ thống kiểm tra timestamp 4. Từ chối giao dịch | D13: Hệ thống thông báo giao dịch đã hết hạn, không tạo đơn hàng và ghi log timeout. | E13: currentTime > vnp_ExpireDate | F13: PASS | G13: 46001 | H13: Kiểm tra timeout giao dịch
A14: TC-PAYMENT-007 | B14: VNPay gửi lại giao dịch trùng | C14: 1. Giao dịch đã được xử lý 2. Nhận callback lần nữa 3. Kiểm tra transactionId đã tồn tại 4. Từ chối giao dịch trùng | D14: Hệ thống phát hiện giao dịch trùng và không tạo đơn hàng mới, dữ liệu đơn hàng cũ giữ nguyên. | E14: existingOrder: PAID | F14: PASS | G14: 46001 | H14: Kiểm tra xử lý giao dịch lặp
